nombreA,codigoA,espacio,precio,fecha_inicio,fecha_fin,idEmpresa,idDirigente
BlockFi,A001,50,0,2018-01-01,2018-07-01,Somos Apps,11111111
Disney+,A002,55,1.99,2018-01-31,2018-05-11,Somos Apps,11111111
Duolingo,A003,60,0.99,2018-03-02,2018-06-10,Somos Apps,22222222
YouTube,A004,65,0,2018-04-01,2018-07-10,Nuestras Apps,33333333
Splitwise,A005,70,1.49,2018-05-01,2018-08-09,Nuestras Apps,55555555
LinkedIn,A006,75,0,2018-05-31,2018-09-08,Nuestras Apps,55555555
MyFitnessPal,A007,80,0.99,2018-06-30,2018-10-08,Nuestras Apps,55555555
Rextie,A008,85,2.49,2018-07-30,2018-11-07,Apps Galore,44444444
Sunat,A009,90,0,2018-08-29,2018-12-07,Apps Galore,44444444
Moodle,A010,95,0,2018-09-28,2019-01-06,Apps Galore,44444444
