idTienda,idApp
App Store,BlockFi
App Store,Disney+
App Store,Duolingo
App Store,YouTube
App Store,Splitwise
App Store,LinkedIn
App Store,MyFitnessPal
App Store,Rextie
App Store,Sunat
App Store,Moodle
Google Play Store,BlockFi
Google Play Store,Disney+
Google Play Store,Duolingo
Google Play Store,YouTube
Google Play Store,Splitwise
Google Play Store,LinkedIn
Google Play Store,MyFitnessPal
Google Play Store,Rextie
Google Play Store,Sunat
Google Play Store,Moodle
BlackBerry,BlockFi
BlackBerry,Disney+
BlackBerry,Duolingo
BlackBerry,YouTube
BlackBerry,Splitwise
WindowsPhone,LinkedIn
WindowsPhone,MyFitnessPal
WindowsPhone,Rextie
HP,Sunat
HP,Moodle
