idNombreApp,idUsuario,fecha_descarga,puntuacion,comentario
BlockFi,C001,2020-10-22,1,Mala experiencia
BlockFi,C011,2020-10-29,5,Espectacular
BlockFi,C015,2020-05-16,4,NULL
BlockFi,C005,2020-03-16,0,NULL
BlockFi,C006,2019-05-01,3,NULL
BlockFi,C007,2019-06-01,2,NULL
BlockFi,C008,2019-07-01,5,Recomiendo a todos
Disney+,C002,2020-03-06,3,NULL
Disney+,C012,2020-01-11,5,S�per recomendado
Disney+,C014,2019-11-07,3,NULL
Disney+,C013,2020-02-23,2,NULL
Disney+,C004,2020-08-24,3,NULL
Duolingo,C003,2019-10-20,0,NULL
Duolingo,C013,2020-11-30,2,NULL
LinkedIn,C006,2019-09-04,4,NULL
LinkedIn,C010,2019-07-01,2,NULL
Moodle,C010,2020-04-29,4,NULL
Moodle,C006,2020-08-25,2,NULL
MyFitnessPal,C007,2019-11-08,0,NULL
MyFitnessPal,C009,2020-04-15,3,NULL
MyFitnessPal,C008,2020-06-07,0,NULL
Rextie,C008,2019-10-11,1,No me gusta el app
Splitwise,C005,2020-08-17,2,NULL
Splitwise,C015,2020-05-27,4,NULL
Splitwise,C011,2020-12-19,5,Excelente app
Splitwise,C001,2020-03-12,4,NULL
Sunat,C009,2020-06-03,0,NULL
Sunat,C007,2019-10-24,2,NULL
YouTube,C004,2020-10-24,1,No lo recomiendo
YouTube,C014,2020-08-19,4,NULL
YouTube,C012,2020-07-22,4,NULL
YouTube,C003,2020-04-30,2,NULL
YouTube,C002,2020-07-22,3,NULL
